--
-- PostgreSQL database dump
--

-- Dumped from database version 12.9 (Ubuntu 12.9-2.pgdg20.04+1)
-- Dumped by pg_dump version 12.9 (Ubuntu 12.9-2.pgdg20.04+1)

SET statement_timeout = 0;
SET lock_timeout = 0;
SET idle_in_transaction_session_timeout = 0;
SET client_encoding = 'UTF8';
SET standard_conforming_strings = on;
SELECT pg_catalog.set_config('search_path', '', false);
SET check_function_bodies = false;
SET xmloption = content;
SET client_min_messages = warning;
SET row_security = off;

DROP DATABASE universe;
--
-- Name: universe; Type: DATABASE; Schema: -; Owner: freecodecamp
--

CREATE DATABASE universe WITH TEMPLATE = template0 ENCODING = 'UTF8' LC_COLLATE = 'C.UTF-8' LC_CTYPE = 'C.UTF-8';


ALTER DATABASE universe OWNER TO freecodecamp;

\connect universe

SET statement_timeout = 0;
SET lock_timeout = 0;
SET idle_in_transaction_session_timeout = 0;
SET client_encoding = 'UTF8';
SET standard_conforming_strings = on;
SELECT pg_catalog.set_config('search_path', '', false);
SET check_function_bodies = false;
SET xmloption = content;
SET client_min_messages = warning;
SET row_security = off;

SET default_tablespace = '';

SET default_table_access_method = heap;

--
-- Name: constellation; Type: TABLE; Schema: public; Owner: freecodecamp
--

CREATE TABLE public.constellation (
    constellation_id integer NOT NULL,
    name character varying(50) NOT NULL,
    shape character varying(50) NOT NULL,
    brightest_star character varying(50),
    galaxy_id integer
);


ALTER TABLE public.constellation OWNER TO freecodecamp;

--
-- Name: constellation_constellation_id_seq; Type: SEQUENCE; Schema: public; Owner: freecodecamp
--

CREATE SEQUENCE public.constellation_constellation_id_seq
    AS integer
    START WITH 1
    INCREMENT BY 1
    NO MINVALUE
    NO MAXVALUE
    CACHE 1;


ALTER TABLE public.constellation_constellation_id_seq OWNER TO freecodecamp;

--
-- Name: constellation_constellation_id_seq; Type: SEQUENCE OWNED BY; Schema: public; Owner: freecodecamp
--

ALTER SEQUENCE public.constellation_constellation_id_seq OWNED BY public.constellation.constellation_id;


--
-- Name: galaxy; Type: TABLE; Schema: public; Owner: freecodecamp
--

CREATE TABLE public.galaxy (
    galaxy_id integer NOT NULL,
    name character varying(50) NOT NULL,
    order_number integer NOT NULL,
    active boolean,
    classification character varying(50),
    size numeric(10,2),
    age integer
);


ALTER TABLE public.galaxy OWNER TO freecodecamp;

--
-- Name: galaxy_id_seq; Type: SEQUENCE; Schema: public; Owner: freecodecamp
--

CREATE SEQUENCE public.galaxy_id_seq
    AS integer
    START WITH 1
    INCREMENT BY 1
    NO MINVALUE
    NO MAXVALUE
    CACHE 1;


ALTER TABLE public.galaxy_id_seq OWNER TO freecodecamp;

--
-- Name: galaxy_id_seq; Type: SEQUENCE OWNED BY; Schema: public; Owner: freecodecamp
--

ALTER SEQUENCE public.galaxy_id_seq OWNED BY public.galaxy.galaxy_id;


--
-- Name: moon; Type: TABLE; Schema: public; Owner: freecodecamp
--

CREATE TABLE public.moon (
    moon_id integer NOT NULL,
    name character varying(50) NOT NULL,
    planet_id integer NOT NULL,
    surface_type character varying(50),
    orbital_period numeric(10,2)
);


ALTER TABLE public.moon OWNER TO freecodecamp;

--
-- Name: moon_id_seq; Type: SEQUENCE; Schema: public; Owner: freecodecamp
--

CREATE SEQUENCE public.moon_id_seq
    AS integer
    START WITH 1
    INCREMENT BY 1
    NO MINVALUE
    NO MAXVALUE
    CACHE 1;


ALTER TABLE public.moon_id_seq OWNER TO freecodecamp;

--
-- Name: moon_id_seq; Type: SEQUENCE OWNED BY; Schema: public; Owner: freecodecamp
--

ALTER SEQUENCE public.moon_id_seq OWNED BY public.moon.moon_id;


--
-- Name: planet; Type: TABLE; Schema: public; Owner: freecodecamp
--

CREATE TABLE public.planet (
    planet_id integer NOT NULL,
    name character varying(50) NOT NULL,
    hours_per_day numeric NOT NULL,
    is_active boolean,
    description text,
    can_see_sun boolean,
    star_id integer
);


ALTER TABLE public.planet OWNER TO freecodecamp;

--
-- Name: planet_id_seq; Type: SEQUENCE; Schema: public; Owner: freecodecamp
--

CREATE SEQUENCE public.planet_id_seq
    AS integer
    START WITH 1
    INCREMENT BY 1
    NO MINVALUE
    NO MAXVALUE
    CACHE 1;


ALTER TABLE public.planet_id_seq OWNER TO freecodecamp;

--
-- Name: planet_id_seq; Type: SEQUENCE OWNED BY; Schema: public; Owner: freecodecamp
--

ALTER SEQUENCE public.planet_id_seq OWNED BY public.planet.planet_id;


--
-- Name: star; Type: TABLE; Schema: public; Owner: freecodecamp
--

CREATE TABLE public.star (
    star_id integer NOT NULL,
    name character varying(50) NOT NULL,
    order_number integer NOT NULL,
    galaxy_id integer,
    luminosity numeric(10,2),
    temperature integer,
    mass numeric(10,2)
);


ALTER TABLE public.star OWNER TO freecodecamp;

--
-- Name: star_id_seq; Type: SEQUENCE; Schema: public; Owner: freecodecamp
--

CREATE SEQUENCE public.star_id_seq
    AS integer
    START WITH 1
    INCREMENT BY 1
    NO MINVALUE
    NO MAXVALUE
    CACHE 1;


ALTER TABLE public.star_id_seq OWNER TO freecodecamp;

--
-- Name: star_id_seq; Type: SEQUENCE OWNED BY; Schema: public; Owner: freecodecamp
--

ALTER SEQUENCE public.star_id_seq OWNED BY public.star.star_id;


--
-- Name: constellation constellation_id; Type: DEFAULT; Schema: public; Owner: freecodecamp
--

ALTER TABLE ONLY public.constellation ALTER COLUMN constellation_id SET DEFAULT nextval('public.constellation_constellation_id_seq'::regclass);


--
-- Name: galaxy galaxy_id; Type: DEFAULT; Schema: public; Owner: freecodecamp
--

ALTER TABLE ONLY public.galaxy ALTER COLUMN galaxy_id SET DEFAULT nextval('public.galaxy_id_seq'::regclass);


--
-- Name: moon moon_id; Type: DEFAULT; Schema: public; Owner: freecodecamp
--

ALTER TABLE ONLY public.moon ALTER COLUMN moon_id SET DEFAULT nextval('public.moon_id_seq'::regclass);


--
-- Name: planet planet_id; Type: DEFAULT; Schema: public; Owner: freecodecamp
--

ALTER TABLE ONLY public.planet ALTER COLUMN planet_id SET DEFAULT nextval('public.planet_id_seq'::regclass);


--
-- Name: star star_id; Type: DEFAULT; Schema: public; Owner: freecodecamp
--

ALTER TABLE ONLY public.star ALTER COLUMN star_id SET DEFAULT nextval('public.star_id_seq'::regclass);


--
-- Data for Name: constellation; Type: TABLE DATA; Schema: public; Owner: freecodecamp
--

INSERT INTO public.constellation VALUES (1, 'Orion', 'Hunter', 'Betelgeuse', 1);
INSERT INTO public.constellation VALUES (2, 'Ursa Major', 'Bear', 'Dubhe', 1);
INSERT INTO public.constellation VALUES (3, 'Cassiopeia', 'Queen', 'Alpha Cassiopeiae', 2);
INSERT INTO public.constellation VALUES (4, 'Leo', 'Lion', 'Regulus', 1);
INSERT INTO public.constellation VALUES (5, 'Pegasus', 'Winged Horse', 'Enif', 2);


--
-- Data for Name: galaxy; Type: TABLE DATA; Schema: public; Owner: freecodecamp
--

INSERT INTO public.galaxy VALUES (1, 'Milky Way', 1, true, NULL, NULL, NULL);
INSERT INTO public.galaxy VALUES (2, 'Andromeda', 2, true, NULL, NULL, NULL);
INSERT INTO public.galaxy VALUES (3, 'Messier 87', 3, true, NULL, NULL, NULL);
INSERT INTO public.galaxy VALUES (4, 'Sombrero', 4, true, NULL, NULL, NULL);
INSERT INTO public.galaxy VALUES (5, 'Triangulum', 5, true, NULL, NULL, NULL);
INSERT INTO public.galaxy VALUES (6, 'Whirlpool', 6, true, NULL, NULL, NULL);


--
-- Data for Name: moon; Type: TABLE DATA; Schema: public; Owner: freecodecamp
--

INSERT INTO public.moon VALUES (1, 'Luna', 1, NULL, NULL);
INSERT INTO public.moon VALUES (2, 'Phobos', 2, NULL, NULL);
INSERT INTO public.moon VALUES (3, 'Deimos', 2, NULL, NULL);
INSERT INTO public.moon VALUES (4, 'Io', 3, NULL, NULL);
INSERT INTO public.moon VALUES (5, 'Europa', 3, NULL, NULL);
INSERT INTO public.moon VALUES (6, 'Ganymede', 3, NULL, NULL);
INSERT INTO public.moon VALUES (7, 'Callisto', 3, NULL, NULL);
INSERT INTO public.moon VALUES (8, 'Titan', 4, NULL, NULL);
INSERT INTO public.moon VALUES (9, 'Rhea', 4, NULL, NULL);
INSERT INTO public.moon VALUES (10, 'Iapetus', 4, NULL, NULL);
INSERT INTO public.moon VALUES (11, 'Triton', 5, NULL, NULL);
INSERT INTO public.moon VALUES (12, 'Proteus', 5, NULL, NULL);
INSERT INTO public.moon VALUES (13, 'Charon', 10, NULL, NULL);
INSERT INTO public.moon VALUES (14, 'Nix', 10, NULL, NULL);
INSERT INTO public.moon VALUES (15, 'Hydra', 10, NULL, NULL);
INSERT INTO public.moon VALUES (16, 'Styx', 10, NULL, NULL);
INSERT INTO public.moon VALUES (17, 'Oberon', 6, NULL, NULL);
INSERT INTO public.moon VALUES (18, 'Titania', 6, NULL, NULL);
INSERT INTO public.moon VALUES (19, 'Umbriel', 6, NULL, NULL);
INSERT INTO public.moon VALUES (20, 'Ariel', 6, NULL, NULL);


--
-- Data for Name: planet; Type: TABLE DATA; Schema: public; Owner: freecodecamp
--

INSERT INTO public.planet VALUES (1, 'Earth', 24, true, NULL, NULL, 1);
INSERT INTO public.planet VALUES (2, 'Mars', 25, true, NULL, NULL, 1);
INSERT INTO public.planet VALUES (3, 'Jupiter', 10, true, NULL, NULL, 1);
INSERT INTO public.planet VALUES (4, 'Saturn', 11, true, NULL, NULL, 1);
INSERT INTO public.planet VALUES (5, 'Neptune', 16, true, NULL, NULL, 2);
INSERT INTO public.planet VALUES (6, 'Uranus', 17, true, NULL, NULL, 2);
INSERT INTO public.planet VALUES (7, 'Mercury', 1407, true, NULL, NULL, 3);
INSERT INTO public.planet VALUES (8, 'Venus', 5832, true, NULL, NULL, 3);
INSERT INTO public.planet VALUES (9, 'Pluto', 153, false, NULL, NULL, 4);
INSERT INTO public.planet VALUES (10, 'Mars II', 26, false, NULL, NULL, 2);
INSERT INTO public.planet VALUES (11, 'Ganymede', 171, true, NULL, NULL, 3);
INSERT INTO public.planet VALUES (103, 'Titan', 382, true, 'Saturn moon', false, 4);
INSERT INTO public.planet VALUES (104, 'Uranus II', 18, true, 'Uranus moon', false, 5);
INSERT INTO public.planet VALUES (105, 'Neptune II', 18, true, 'Neptune moon', false, 6);
INSERT INTO public.planet VALUES (106, 'Earth II', 24, true, 'Another Earth-like planet', true, 1);
INSERT INTO public.planet VALUES (107, 'Mars III', 25, true, 'Another Mars-like planet', true, 1);
INSERT INTO public.planet VALUES (108, 'Jupiter II', 10, true, 'Another Jupiter-like planet', false, 1);
INSERT INTO public.planet VALUES (109, 'Saturn II', 11, true, 'Another Saturn-like planet', false, 1);


--
-- Data for Name: star; Type: TABLE DATA; Schema: public; Owner: freecodecamp
--

INSERT INTO public.star VALUES (1, 'Sun', 1, 1, NULL, NULL, NULL);
INSERT INTO public.star VALUES (2, 'Sirius', 2, 2, NULL, NULL, NULL);
INSERT INTO public.star VALUES (3, 'Alpha Centauri A', 3, 1, NULL, NULL, NULL);
INSERT INTO public.star VALUES (4, 'Betelgeuse', 4, 3, NULL, NULL, NULL);
INSERT INTO public.star VALUES (5, 'Vega', 5, 1, NULL, NULL, NULL);
INSERT INTO public.star VALUES (6, 'Canopus', 6, 4, NULL, NULL, NULL);


--
-- Name: constellation_constellation_id_seq; Type: SEQUENCE SET; Schema: public; Owner: freecodecamp
--

SELECT pg_catalog.setval('public.constellation_constellation_id_seq', 5, true);


--
-- Name: galaxy_id_seq; Type: SEQUENCE SET; Schema: public; Owner: freecodecamp
--

SELECT pg_catalog.setval('public.galaxy_id_seq', 6, true);


--
-- Name: moon_id_seq; Type: SEQUENCE SET; Schema: public; Owner: freecodecamp
--

SELECT pg_catalog.setval('public.moon_id_seq', 20, true);


--
-- Name: planet_id_seq; Type: SEQUENCE SET; Schema: public; Owner: freecodecamp
--

SELECT pg_catalog.setval('public.planet_id_seq', 109, true);


--
-- Name: star_id_seq; Type: SEQUENCE SET; Schema: public; Owner: freecodecamp
--

SELECT pg_catalog.setval('public.star_id_seq', 6, true);


--
-- Name: constellation constellation_name_key; Type: CONSTRAINT; Schema: public; Owner: freecodecamp
--

ALTER TABLE ONLY public.constellation
    ADD CONSTRAINT constellation_name_key UNIQUE (name);


--
-- Name: constellation constellation_name_unique; Type: CONSTRAINT; Schema: public; Owner: freecodecamp
--

ALTER TABLE ONLY public.constellation
    ADD CONSTRAINT constellation_name_unique UNIQUE (name);


--
-- Name: constellation constellation_pkey; Type: CONSTRAINT; Schema: public; Owner: freecodecamp
--

ALTER TABLE ONLY public.constellation
    ADD CONSTRAINT constellation_pkey PRIMARY KEY (constellation_id);


--
-- Name: galaxy galaxy_name_unique; Type: CONSTRAINT; Schema: public; Owner: freecodecamp
--

ALTER TABLE ONLY public.galaxy
    ADD CONSTRAINT galaxy_name_unique UNIQUE (name);


--
-- Name: galaxy galaxy_pkey; Type: CONSTRAINT; Schema: public; Owner: freecodecamp
--

ALTER TABLE ONLY public.galaxy
    ADD CONSTRAINT galaxy_pkey PRIMARY KEY (galaxy_id);


--
-- Name: moon moon_name_unique; Type: CONSTRAINT; Schema: public; Owner: freecodecamp
--

ALTER TABLE ONLY public.moon
    ADD CONSTRAINT moon_name_unique UNIQUE (name);


--
-- Name: moon moon_pkey; Type: CONSTRAINT; Schema: public; Owner: freecodecamp
--

ALTER TABLE ONLY public.moon
    ADD CONSTRAINT moon_pkey PRIMARY KEY (moon_id);


--
-- Name: planet planet_name_unique; Type: CONSTRAINT; Schema: public; Owner: freecodecamp
--

ALTER TABLE ONLY public.planet
    ADD CONSTRAINT planet_name_unique UNIQUE (name);


--
-- Name: planet planet_pkey; Type: CONSTRAINT; Schema: public; Owner: freecodecamp
--

ALTER TABLE ONLY public.planet
    ADD CONSTRAINT planet_pkey PRIMARY KEY (planet_id);


--
-- Name: star star_name_unique; Type: CONSTRAINT; Schema: public; Owner: freecodecamp
--

ALTER TABLE ONLY public.star
    ADD CONSTRAINT star_name_unique UNIQUE (name);


--
-- Name: star star_pkey; Type: CONSTRAINT; Schema: public; Owner: freecodecamp
--

ALTER TABLE ONLY public.star
    ADD CONSTRAINT star_pkey PRIMARY KEY (star_id);


--
-- Name: constellation constellation_galaxy_id_fkey; Type: FK CONSTRAINT; Schema: public; Owner: freecodecamp
--

ALTER TABLE ONLY public.constellation
    ADD CONSTRAINT constellation_galaxy_id_fkey FOREIGN KEY (galaxy_id) REFERENCES public.galaxy(galaxy_id);


--
-- Name: moon moon_planet_id_fkey; Type: FK CONSTRAINT; Schema: public; Owner: freecodecamp
--

ALTER TABLE ONLY public.moon
    ADD CONSTRAINT moon_planet_id_fkey FOREIGN KEY (planet_id) REFERENCES public.planet(planet_id);


--
-- Name: planet planet_star_id_fkey; Type: FK CONSTRAINT; Schema: public; Owner: freecodecamp
--

ALTER TABLE ONLY public.planet
    ADD CONSTRAINT planet_star_id_fkey FOREIGN KEY (star_id) REFERENCES public.star(star_id);


--
-- Name: star star_galaxy_id_fkey; Type: FK CONSTRAINT; Schema: public; Owner: freecodecamp
--

ALTER TABLE ONLY public.star
    ADD CONSTRAINT star_galaxy_id_fkey FOREIGN KEY (galaxy_id) REFERENCES public.galaxy(galaxy_id);


--
-- PostgreSQL database dump complete
--

